ID;Name;Anrede
eb0a6ccc-6ecf-4d84-b9cb-ccbd3dc8f597;Name8048;Anrede5983
2a55fe0e-01bc-49c9-9fb2-8c236e177813;Name7975;Anrede728
90a5de3a-f677-4595-acaf-ad08aca22dad;Name619;Anrede289
eb569cfb-8806-457e-8c93-2fd951922de7;Name7854;Anrede1917
79f3d52e-71d5-41f7-bb29-01a800f6189f;Name2497;Anrede218
558d62c1-a019-45fe-abb6-37606b9bc979;Name6143;Anrede6578
c3557590-74a2-4e42-87a4-4aed0cdc7d52;Name5529;Anrede4381
6beb9dfc-995e-4ced-aacb-7c85b847a2b1;Name1549;Anrede3347
1410ad1d-a6ba-46a1-a927-374b0d34fb32;Name74;Anrede8099
e614fa87-9b42-4406-ab82-e89fd83b7ba9;Name3414;Anrede5458